<?xml version="1.0" encoding="UTF-8"?>
<project-private xmlns="http://www.netbeans.org/ns/project-private/1">
    <editor-bookmarks xmlns="http://www.netbeans.org/ns/editor-bookmarks/2" lastBookmarkId="0"/>
    <open-files xmlns="http://www.netbeans.org/ns/projectui-open-files/2">
        <group>
            <file>file:/D:/KDU/3rd%20Semester/CS%202032%20-%20Object%20Oriented%20Programming%20II/FinanceTracker22/FinanceTracker22/src/financetracker/budget.java</file>
            <file>file:/D:/KDU/3rd%20Semester/CS%202032%20-%20Object%20Oriented%20Programming%20II/FinanceTracker22/FinanceTracker22/src/financetracker/explore.java</file>
            <file>file:/D:/KDU/3rd%20Semester/CS%202032%20-%20Object%20Oriented%20Programming%20II/FinanceTracker22/FinanceTracker22/src/financetracker/Transaction.java</file>
            <file>file:/D:/KDU/3rd%20Semester/CS%202032%20-%20Object%20Oriented%20Programming%20II/FinanceTracker22/FinanceTracker22/src/financetracker/report.java</file>
            <file>file:/D:/KDU/3rd%20Semester/CS%202032%20-%20Object%20Oriented%20Programming%20II/FinanceTracker22/FinanceTracker22/src/financetracker/databaseconnection.java</file>
            <file>file:/D:/KDU/3rd%20Semester/CS%202032%20-%20Object%20Oriented%20Programming%20II/FinanceTracker22/FinanceTracker22/src/financetracker/login.java</file>
            <file>file:/D:/KDU/3rd%20Semester/CS%202032%20-%20Object%20Oriented%20Programming%20II/FinanceTracker22/FinanceTracker22/src/financetracker/dashnew.java</file>
            <file>file:/D:/KDU/3rd%20Semester/CS%202032%20-%20Object%20Oriented%20Programming%20II/FinanceTracker22/FinanceTracker22/src/financetracker/dashnew1.java</file>
            <file>file:/D:/KDU/3rd%20Semester/CS%202032%20-%20Object%20Oriented%20Programming%20II/FinanceTracker22/FinanceTracker22/src/financetracker/tranfer.java</file>
            <file>file:/D:/KDU/3rd%20Semester/CS%202032%20-%20Object%20Oriented%20Programming%20II/FinanceTracker22/FinanceTracker22/src/financetracker/open.java</file>
            <file>file:/D:/KDU/3rd%20Semester/CS%202032%20-%20Object%20Oriented%20Programming%20II/FinanceTracker22/FinanceTracker22/src/financetracker/signup.java</file>
            <file>file:/D:/KDU/3rd%20Semester/CS%202032%20-%20Object%20Oriented%20Programming%20II/FinanceTracker22/FinanceTracker22/src/financetracker/User.java</file>
        </group>
    </open-files>
</project-private>
